groups,"mitre_id",tactics,technique
no,T1647,"Defense Evasion","Plist File Modification"
no,T1622,"Defense Evasion|Discovery","Debugger Evasion"
APT29,T1621,"Credential Access","Multi-Factor Authentication Request Generation"
no,"T1505.005",Persistence,"Terminal Services DLL"
no,"T1557.003","Credential Access|Collection","DHCP Spoofing"
"Volatile Cedar","T1595.003",Reconnaissance,"Wordlist Scanning"
APT29,"T1098.005",Persistence,"Device Registration"
"Lazarus Group","T1574.013","Persistence|Privilege Escalation|Defense Evasion",KernelCallbackTable
no,"T1556.005","Credential Access|Defense Evasion|Persistence","Reversible Encryption"
no,"T1055.015","Defense Evasion|Privilege Escalation",ListPlanting
no,"T1564.010","Defense Evasion","Process Argument Spoofing"
no,"T1564.009","Defense Evasion","Resource Forking"
no,"T1559.003",Execution,"XPC Services"
no,"T1562.010","Defense Evasion","Downgrade Attack"
no,"T1547.015","Persistence|Privilege Escalation","Login Items"
"Lazarus Group",T1620,"Defense Evasion","Reflective Code Loading"
no,T1619,Discovery,"Cloud Storage Object Discovery"
no,"T1218.014","Defense Evasion",MMC
no,"T1218.013","Defense Evasion",Mavinject
"Ke3chang|Lazarus Group","T1614.001",Discovery,"System Language Discovery"
Turla,T1615,Discovery,"Group Policy Discovery"
"Mustang Panda","T1036.007","Defense Evasion","Double File Extension"
no,"T1562.009","Defense Evasion","Safe Mode Boot"
FIN4,"T1564.008","Defense Evasion","Email Hiding Rules"
no,"T1505.004",Persistence,"IIS Components"
APT29,"T1027.006","Defense Evasion","HTML Smuggling"
APT29,"T1213.003",Collection,"Code Repositories"
"Turla|APT39","T1553.006","Defense Evasion","Code Signing Policy Modification"
no,T1614,Discovery,"System Location Discovery"
TeamTNT,T1613,Discovery,"Container and Resource Discovery"
no,"T1552.007","Credential Access","Container API"
no,T1612,"Defense Evasion","Build Image on Host"
TeamTNT,T1611,"Privilege Escalation","Escape to Host"
TeamTNT,"T1204.003",Execution,"Malicious Image"
no,"T1053.007","Execution|Persistence|Privilege Escalation","Container Orchestration Job"
TeamTNT,T1610,"Defense Evasion|Execution","Deploy Container"
TeamTNT,T1609,Execution,"Container Administration Command"
"Silent Librarian","T1608.005","Resource Development","Link Target"
"Dragonfly|Transparent Tribe|APT32|Threat Group-3390","T1608.004","Resource Development","Drive-by Target"
no,"T1608.003","Resource Development","Install Digital Certificate"
"Lazarus Group|Threat Group-3390","T1608.002","Resource Development","Upload Tool"
"Threat Group-3390|LazyScripter|Mustang Panda|Gamaredon Group|Kimsuky|Lazarus Group|TeamTNT|APT32","T1608.001","Resource Development","Upload Malware"
"Mustang Panda",T1608,"Resource Development","Stage Capabilities"
"Gamaredon Group|APT29|Turla","T1016.001",Discovery,"Internet Connection Discovery"
"APT29|TA505","T1553.005","Defense Evasion","Mark-of-the-Web Bypass"
"Threat Group-3390|Fox Kitten|Operation Wocao","T1555.005","Credential Access","Password Managers"
APT29,"T1484.002","Defense Evasion|Privilege Escalation","Domain Trust Modification"
"Indrik Spider","T1484.001","Defense Evasion|Privilege Escalation","Group Policy Modification"
no,"T1547.014","Persistence|Privilege Escalation","Active Setup"
APT29,"T1606.002","Credential Access","SAML Tokens"
APT29,"T1606.001","Credential Access","Web Cookies"
no,T1606,"Credential Access","Forge Web Credentials"
"Stealth Falcon|OilRig|Turla","T1555.004","Credential Access","Windows Credential Manager"
no,"T1059.008",Execution,"Network Device CLI"
no,"T1602.002",Collection,"Network Device Configuration Dump"
no,"T1542.005","Defense Evasion|Persistence","TFTP Boot"
no,"T1542.004","Defense Evasion|Persistence",ROMMONkit
no,"T1602.001",Collection,"SNMP (MIB Dump)"
no,T1602,Collection,"Data from Configuration Repository"
no,"T1601.002","Defense Evasion","Downgrade System Image"
no,"T1601.001","Defense Evasion","Patch System Image"
no,T1601,"Defense Evasion","Modify System Image"
no,"T1600.002","Defense Evasion","Disable Crypto Hardware"
no,"T1600.001","Defense Evasion","Reduce Key Space"
no,T1600,"Defense Evasion","Weaken Encryption"
no,"T1556.004","Credential Access|Defense Evasion|Persistence","Network Device Authentication"
no,"T1599.001","Defense Evasion","Network Address Translation Traversal"
no,T1599,"Defense Evasion","Network Boundary Bridging"
no,"T1020.001",Exfiltration,"Traffic Duplication"
Cleaver,"T1557.002","Credential Access|Collection","ARP Cache Poisoning"
"Sandworm Team","T1588.006","Resource Development",Vulnerabilities
no,"T1053.006","Execution|Persistence|Privilege Escalation","Systemd Timers"
no,"T1562.008","Defense Evasion","Disable Cloud Logs"
no,"T1547.012","Persistence|Privilege Escalation","Print Processors"
"APT28|Dragonfly|Magic Hound|Silent Librarian|Sidewinder|Sandworm Team|APT32|Kimsuky","T1598.003",Reconnaissance,"Spearphishing Link"
"Dragonfly|Sidewinder","T1598.002",Reconnaissance,"Spearphishing Attachment"
no,"T1598.001",Reconnaissance,"Spearphishing Service"
"ZIRCONIUM|APT28",T1598,Reconnaissance,"Phishing for Information"
no,"T1597.002",Reconnaissance,"Purchase Technical Data"
no,"T1597.001",Reconnaissance,"Threat Intel Vendors"
no,T1597,Reconnaissance,"Search Closed Sources"
no,"T1596.005",Reconnaissance,"Scan Databases"
no,"T1596.004",Reconnaissance,CDNs
no,"T1596.003",Reconnaissance,"Digital Certificates"
no,"T1596.001",Reconnaissance,"DNS/Passive DNS"
no,"T1596.002",Reconnaissance,WHOIS
no,T1596,Reconnaissance,"Search Open Technical Databases"
"Magic Hound|Aquatic Panda|Dragonfly|TeamTNT|APT29|Volatile Cedar|APT28|Sandworm Team","T1595.002",Reconnaissance,"Vulnerability Scanning"
TeamTNT,"T1595.001",Reconnaissance,"Scanning IP Blocks"
no,T1595,Reconnaissance,"Active Scanning"
"Kimsuky|Silent Librarian|Sandworm Team",T1594,Reconnaissance,"Search Victim-Owned Websites"
Kimsuky,"T1593.002",Reconnaissance,"Search Engines"
"Lazarus Group|Kimsuky","T1593.001",Reconnaissance,"Social Media"
"Sandworm Team",T1593,Reconnaissance,"Search Open Websites/Domains"
HAFNIUM,"T1592.004",Reconnaissance,"Client Configurations"
no,"T1592.003",Reconnaissance,Firmware
"Andariel|Sandworm Team","T1592.002",Reconnaissance,Software
no,"T1592.001",Reconnaissance,Hardware
no,T1592,Reconnaissance,"Gather Victim Host Information"
"Lazarus Group","T1591.004",Reconnaissance,"Identify Roles"
no,"T1591.003",Reconnaissance,"Identify Business Tempo"
no,"T1591.001",Reconnaissance,"Determine Physical Locations"
"Dragonfly|Sandworm Team","T1591.002",Reconnaissance,"Business Relationships"
"Kimsuky|Lazarus Group",T1591,Reconnaissance,"Gather Victim Org Information"
no,"T1590.006",Reconnaissance,"Network Security Appliances"
"Andariel|HAFNIUM","T1590.005",Reconnaissance,"IP Addresses"
no,"T1590.004",Reconnaissance,"Network Topology"
no,"T1590.003",Reconnaissance,"Network Trust Dependencies"
no,"T1590.002",Reconnaissance,DNS
"Sandworm Team","T1590.001",Reconnaissance,"Domain Properties"
HAFNIUM,T1590,Reconnaissance,"Gather Victim Network Information"
"Kimsuky|Silent Librarian|Sandworm Team","T1589.003",Reconnaissance,"Employee Names"
"Lazarus Group|Kimsuky|Magic Hound|TA551|MuddyWater|HAFNIUM|APT32|Silent Librarian|Sandworm Team","T1589.002",Reconnaissance,"Email Addresses"
"APT29|Leviathan|APT28|Magic Hound|Chimera","T1589.001",Reconnaissance,Credentials
"Magic Hound|APT32",T1589,Reconnaissance,"Gather Victim Identity Information"
Kimsuky,"T1588.005","Resource Development",Exploits
"BlackTech|Lazarus Group|Silent Librarian","T1588.004","Resource Development","Digital Certificates"
"BlackTech|Lazarus Group|Wizard Spider","T1588.003","Resource Development","Code Signing Certificates"
"Aquatic Panda|BlackTech|Lazarus Group|CostaRicto|Night Dragon|DarkVishnya|FIN5|Gorgon Group|Patchwork|Chimera|Dragonfly|Blue Mockingbird|Whitefly|APT41|FIN6|TEMP.Veles|Kimsuky|PittyTiger|Cobalt Group|APT29|Thrip|Ke3chang|DarkHydrus|APT32|APT38|BRONZE BUTLER|Carbanak|Cleaver|Inception|Leafminer|Threat Group-3390|Ferocious Kitten|IndigoZebra|BackdoorDiplomacy|menuPass|APT-C-36|Magic Hound|APT28|Wizard Spider|Frankenstein|Silence|WIRTE|Turla|APT33|APT19|FIN10|CopyKittens|APT39|APT1|MuddyWater|Silent Librarian|GALLIUM|Sandworm Team","T1588.002","Resource Development",Tool
"Aquatic Panda|LazyScripter|Andariel|BackdoorDiplomacy|Turla|APT1","T1588.001","Resource Development",Malware
no,T1588,"Resource Development","Obtain Capabilities"
no,"T1587.004","Resource Development",Exploits
"APT29|PROMETHIUM","T1587.003","Resource Development","Digital Certificates"
"PROMETHIUM|Patchwork","T1587.002","Resource Development","Code Signing Certificates"
"Ke3chang|Kimsuky|TeamTNT|APT29|Lazarus Group|Sandworm Team|Turla|FIN7|Night Dragon|Cleaver","T1587.001","Resource Development",Malware
Kimsuky,T1587,"Resource Development","Develop Capabilities"
"APT29|APT28|IndigoZebra|Leviathan|Magic Hound|Kimsuky","T1586.002","Resource Development","Email Accounts"
Leviathan,"T1586.001","Resource Development","Social Media Accounts"
no,T1586,"Resource Development","Compromise Accounts"
"Mustang Panda|Kimsuky|Lazarus Group|Leviathan|Magic Hound|Silent Librarian|Sandworm Team|APT1","T1585.002","Resource Development","Email Accounts"
"Kimsuky|Lazarus Group|Leviathan|Magic Hound|Fox Kitten|Sandworm Team|APT32|Cleaver","T1585.001","Resource Development","Social Media Accounts"
"Fox Kitten|APT17",T1585,"Resource Development","Establish Accounts"
Turla,"T1584.006","Resource Development","Web Services"
"Sandworm Team|Axiom","T1584.005","Resource Development",Botnet
"Lazarus Group|Dragonfly|Indrik Spider|Turla|APT16","T1584.004","Resource Development",Server
Turla,"T1584.003","Resource Development","Virtual Private Server"
no,"T1584.002","Resource Development","DNS Server"
"Kimsuky|Lazarus Group|Transparent Tribe|Magic Hound|APT29|APT1","T1584.001","Resource Development",Domains
"APT28|Confucius|LazyScripter|Kimsuky|Magic Hound|IndigoZebra|ZIRCONIUM|MuddyWater|HAFNIUM|Lazarus Group|Turla|APT32|APT17|APT29","T1583.006","Resource Development","Web Services"
no,"T1583.005","Resource Development",Botnet
"Kimsuky|Lazarus Group|GALLIUM|Sandworm Team","T1583.004","Resource Development",Server
"Axiom|Dragonfly|HAFNIUM|TEMP.Veles","T1583.003","Resource Development","Virtual Private Server"
Axiom,"T1583.002","Resource Development","DNS Server"
no,T1584,"Resource Development","Compromise Infrastructure"
"LazyScripter|Gamaredon Group|Winnti Group|Dragonfly|IndigoZebra|TeamTNT|Ferocious Kitten|FIN7|Transparent Tribe|Leviathan|Magic Hound|APT29|Mustang Panda|ZIRCONIUM|Lazarus Group|Silent Librarian|menuPass|Sandworm Team|APT32|Kimsuky|APT1|APT28","T1583.001","Resource Development",Domains
no,T1583,"Resource Development","Acquire Infrastructure"
no,"T1564.007","Defense Evasion","VBA Stomping"
no,"T1558.004","Credential Access","AS-REP Roasting"
no,T1580,Discovery,"Cloud Infrastructure Discovery"
no,"T1218.012","Defense Evasion",Verclsid
PROMETHIUM,"T1205.001","Defense Evasion|Persistence|Command And Control","Port Knocking"
no,"T1564.006","Defense Evasion","Run Virtual Instance"
"Strider|Equation","T1564.005","Defense Evasion","Hidden File System"
no,"T1556.003","Credential Access|Defense Evasion|Persistence","Pluggable Authentication Modules"
"Blue Mockingbird","T1574.012","Persistence|Privilege Escalation|Defense Evasion","COR_PROFILER"
no,"T1562.007","Defense Evasion","Disable or Modify Cloud Firewall"
TeamTNT,"T1098.004",Persistence,"SSH Authorized Keys"
"APT41|Equation","T1480.001","Defense Evasion","Environmental Keying"
"LazyScripter|Indrik Spider|MuddyWater|Turla|Higaisa|Sidewinder|Evilnum|Kimsuky|FIN6|APT32|FIN7|Cobalt Group|Molerats|TA505|Silence|Leafminer","T1059.007",Execution,JavaScript
no,"T1578.004","Defense Evasion","Revert Cloud Instance"
no,"T1578.003","Defense Evasion","Delete Cloud Instance"
no,"T1578.001","Defense Evasion","Create Snapshot"
no,"T1578.002","Defense Evasion","Create Cloud Instance"
Frankenstein,"T1127.001","Defense Evasion",MSBuild
"Operation Wocao|GALLIUM|TEMP.Veles|Patchwork|APT3|Turla|OilRig|Deep Panda","T1027.005","Defense Evasion","Indicator Removal from Tools"
no,"T1562.006","Defense Evasion","Indicator Blocking"
"Operation Wocao|Tropic Trooper|Cobalt Group|OilRig|FIN8|FIN6","T1573.002","Command And Control","Asymmetric Cryptography"
"Mustang Panda|Darkhotel|ZIRCONIUM|Higaisa|Frankenstein|Inception|APT28|APT33|BRONZE BUTLER|Stealth Falcon|Lazarus Group","T1573.001","Command And Control","Symmetric Cryptography"
"APT29|Tropic Trooper",T1573,"Command And Control","Encrypted Channel"
"Gamaredon Group|Rocke|MuddyWater","T1027.004","Defense Evasion","Compile After Delivery"
no,"T1574.004","Persistence|Privilege Escalation|Defense Evasion","Dylib Hijacking"
APT28,"T1546.015","Privilege Escalation|Persistence","Component Object Model Hijacking"
"LazyScripter|Chimera|APT39|Tropic Trooper|OilRig|Ke3chang|Cobalt Group|APT18|APT41|FIN7","T1071.004","Command And Control",DNS
"Turla|Kimsuky|APT32|SilverTerrier|APT28","T1071.003","Command And Control","Mail Protocols"
"Kimsuky|APT41|SilverTerrier|Honeybee","T1071.002","Command And Control","File Transfer Protocols"
"Kimsuky|Confucius|TeamTNT|FIN8|APT29|Mustang Panda|Windshift|TA551|Higaisa|HAFNIUM|Sidewinder|Chimera|Sandworm Team|TA505|Rocke|APT39|Tropic Trooper|MuddyWater|Wizard Spider|Inception|APT41|SilverTerrier|APT28|WIRTE|APT33|FIN4|Night Dragon|APT18|APT38|Dark Caracal|Cobalt Group|Orangeworm|Rancor|Threat Group-3390|Turla|APT19|APT37|Ke3chang|Lazarus Group|BRONZE BUTLER|Magic Hound|OilRig|APT32|Gamaredon Group|Stealth Falcon","T1071.001","Command And Control","Web Protocols"
"Leviathan|CostaRicto|Chimera|Fox Kitten|OilRig|Cobalt Group|FIN6",T1572,"Command And Control","Protocol Tunneling"
"Wizard Spider|FIN6|APT32|APT33|Thrip|FIN8|OilRig|Lazarus Group","T1048.003",Exfiltration,"Exfiltration Over Unencrypted Non-C2 Protocol"
"APT28|APT29","T1048.002",Exfiltration,"Exfiltration Over Asymmetric Encrypted Non-C2 Protocol"
no,"T1048.001",Exfiltration,"Exfiltration Over Symmetric Encrypted Non-C2 Protocol"
"Higaisa|Lazarus Group","T1001.003","Command And Control","Protocol Impersonation"
"APT29|Axiom","T1001.002","Command And Control",Steganography
APT28,"T1001.001","Command And Control","Junk Data"
no,"T1132.002","Command And Control","Non-Standard Encoding"
"HAFNIUM|TA551|Sandworm Team|Tropic Trooper|MuddyWater|APT33|APT19|Lazarus Group|BRONZE BUTLER|Patchwork","T1132.001","Command And Control","Standard Encoding"
APT29,"T1090.004","Command And Control","Domain Fronting"
"Leviathan|CostaRicto|APT28|Operation Wocao|Inception|FIN4|APT29","T1090.003","Command And Control","Multi-hop Proxy"
"Tonto Team|APT39|Silence|GALLIUM|MuddyWater|APT3|FIN5|Lazarus Group|menuPass|APT28","T1090.002","Command And Control","External Proxy"
"Lazarus Group|Turla|APT29|Higaisa|Operation Wocao|APT39|Strider","T1090.001","Command And Control","Internal Proxy"
Leviathan,"T1102.003","Command And Control","One-Way Communication"
"Kimsuky|Lazarus Group|ZIRCONIUM|MuddyWater|APT28|APT29|Sandworm Team|APT39|APT12|FIN7|Turla|APT37|Magic Hound|Carbanak","T1102.002","Command And Control","Bidirectional Communication"
"Rocke|APT41|BRONZE BUTLER|RTM|Patchwork","T1102.001","Command And Control","Dead Drop Resolver"
"WIRTE|Sandworm Team|Rocke|DarkVishnya|Silence|APT-C-36|Magic Hound|APT33|APT32|TEMP.Veles|Lazarus Group|FIN7",T1571,"Command And Control","Non-Standard Port"
"Leviathan|APT28|APT29|Chimera|Threat Group-3390|menuPass|FIN6|Night Dragon|FIN8","T1074.002",Collection,"Remote Data Staging"
"Dragonfly|Indrik Spider|BackdoorDiplomacy|Mustang Panda|Sidewinder|Chimera|Kimsuky|APT39|Operation Wocao|GALLIUM|TEMP.Veles|Honeybee|Patchwork|Leviathan|APT3|FIN5|menuPass|Lazarus Group|Threat Group-3390|APT28","T1074.001",Collection,"Local Data Staging"
"Ke3chang|APT29|APT28|APT33","T1078.004","Defense Evasion|Persistence|Privilege Escalation|Initial Access","Cloud Accounts"
APT32,"T1564.004","Defense Evasion","NTFS File Attributes"
"Gamaredon Group|Kimsuky|Nomadic Octopus|Higaisa|Gorgon Group|Deep Panda|DarkHydrus|CopyKittens|APT19|APT32|APT28|APT3|Magic Hound","T1564.003","Defense Evasion","Hidden Window"
"APT29|Kimsuky|HAFNIUM|Turla|Operation Wocao|PROMETHIUM|Tropic Trooper|FIN10|APT32","T1078.003","Defense Evasion|Persistence|Privilege Escalation|Initial Access","Local Accounts"
"Naikon|Indrik Spider|Chimera|Operation Wocao|Sandworm Team|Wizard Spider|APT29|TA505|APT3|Threat Group-1314","T1078.002","Defense Evasion|Persistence|Privilege Escalation|Initial Access","Domain Accounts"
no,"T1078.001","Defense Evasion|Persistence|Privilege Escalation|Initial Access","Default Accounts"
"Kimsuky|Dragonfly","T1564.002","Defense Evasion","Hidden Users"
"APT41|Rocke","T1574.006","Persistence|Privilege Escalation|Defense Evasion","Dynamic Linker Hijacking"
"Lazarus Group|Mustang Panda|Higaisa|BlackTech|Sidewinder|Chimera|BRONZE BUTLER|Naikon|APT41|GALLIUM|Tropic Trooper|APT19|Patchwork|APT32|APT3|menuPass|Threat Group-3390","T1574.002","Persistence|Privilege Escalation|Defense Evasion","DLL Side-Loading"
"Aquatic Panda|BackdoorDiplomacy|Tonto Team|Evilnum|APT41|Whitefly|RTM|Threat Group-3390|menuPass","T1574.001","Persistence|Privilege Escalation|Defense Evasion","DLL Search Order Hijacking"
no,"T1574.008","Persistence|Privilege Escalation|Defense Evasion","Path Interception by Search Order Hijacking"
no,"T1574.007","Persistence|Privilege Escalation|Defense Evasion","Path Interception by PATH Environment Variable"
no,"T1574.009","Persistence|Privilege Escalation|Defense Evasion","Path Interception by Unquoted Path"
no,"T1574.011","Persistence|Privilege Escalation|Defense Evasion","Services Registry Permissions Weakness"
no,"T1574.005","Persistence|Privilege Escalation|Defense Evasion","Executable Installer File Permissions Weakness"
no,"T1574.010","Persistence|Privilege Escalation|Defense Evasion","Services File Permissions Weakness"
no,T1574,"Persistence|Privilege Escalation|Defense Evasion","Hijack Execution Flow"
"Tonto Team|Chimera|Operation Wocao|Turla|OilRig|admin@338","T1069.001",Discovery,"Local Groups"
"Sandworm Team|Chimera|GALLIUM|Operation Wocao|APT32|Wizard Spider|Turla|FIN10",T1570,"Lateral Movement","Lateral Tool Transfer"
APT12,"T1568.003","Command And Control","DNS Calculation"
"LazyScripter|WIRTE|Confucius|Dragonfly|Threat Group-3390|Nomadic Octopus|Indrik Spider|APT38|Andariel|Ferocious Kitten|IndigoZebra|Transparent Tribe|Tonto Team|Magic Hound|Ajax Security Team|Mustang Panda|TA551|Higaisa|Sidewinder|Kimsuky|FIN6|PROMETHIUM|APT30|Windshift|APT33|Sandworm Team|Naikon|Whitefly|Tropic Trooper|Gamaredon Group|Sharpshooter|Molerats|Wizard Spider|Mofang|Frankenstein|RTM|Inception|BlackTech|APT-C-36|Machete|admin@338|APT12|TA505|Silence|The White Company|APT39|FIN4|Darkhotel|Gallmaker|Patchwork|Lazarus Group|MuddyWater|Rancor|Gorgon Group|OilRig|FIN7|APT32|BRONZE BUTLER|Cobalt Group|APT19|DarkHydrus|Dark Caracal|PLATINUM|menuPass|Leviathan|APT28|APT29|TA459|APT37|Elderwood|FIN8","T1204.002",Execution,"Malicious File"
"LazyScripter|Kimsuky|Lazarus Group|Confucius|FIN7|Transparent Tribe|APT3|Magic Hound|APT28|APT29|Mustang Panda|Sidewinder|ZIRCONIUM|MuddyWater|Evilnum|Sandworm Team|Wizard Spider|Patchwork|Windshift|APT32|Molerats|Mofang|BlackTech|TA505|OilRig|Machete|Leviathan|FIN8|FIN4|Elderwood|Cobalt Group|APT39|Night Dragon|APT33|Turla","T1204.001",Execution,"Malicious Link"
no,"T1195.003","Initial Access","Compromise Hardware Supply Chain"
"Threat Group-3390|APT29|Cobalt Group|GOLD SOUTHFIELD|Dragonfly|Sandworm Team|APT41","T1195.002","Initial Access","Compromise Software Supply Chain"
no,"T1195.001","Initial Access","Compromise Software Dependencies and Development Tools"
"menuPass|TA505","T1568.001","Command And Control","Fast Flux DNS"
"Mustang Panda|Tropic Trooper","T1052.001",Exfiltration,"Exfiltration over USB"
"APT38|Chimera|Operation Wocao|Wizard Spider|Blue Mockingbird|APT39|APT41|Silence|FIN6|APT32|Honeybee|Ke3chang","T1569.002",Execution,"Service Execution"
no,"T1569.001",Execution,Launchctl
no,T1569,Execution,"System Services"
"TA551|APT41","T1568.002","Command And Control","Domain Generation Algorithms"
"Gamaredon Group|Transparent Tribe|APT29",T1568,"Command And Control","Dynamic Resolution"
no,"T1011.001",Exfiltration,"Exfiltration Over Bluetooth"
"Kimsuky|Threat Group-3390|Confucius|Lazarus Group|FIN7|ZIRCONIUM|HAFNIUM|Chimera|Leviathan|Turla","T1567.002",Exfiltration,"Exfiltration to Cloud Storage"
no,"T1567.001",Exfiltration,"Exfiltration to Code Repository"
"Dragonfly|Tonto Team|APT37|ZIRCONIUM|MuddyWater|Turla|Operation Wocao|Kimsuky|APT29|Rocke|BRONZE BUTLER|APT39|Machete","T1059.006",Execution,Python
"Confucius|Lazarus Group|LazyScripter|OilRig|APT38|Transparent Tribe|APT29|Mustang Panda|Windshift|Higaisa|Sidewinder|APT39|Machete|Operation Wocao|Kimsuky|APT33|Sandworm Team|Gamaredon Group|Sharpshooter|Molerats|Frankenstein|Inception|APT-C-36|Rancor|Patchwork|MuddyWater|Honeybee|FIN7|APT37|BRONZE BUTLER|APT32|Turla|TA505|Silence|WIRTE|FIN4|Gorgon Group|Cobalt Group|Leviathan|TA459|Magic Hound","T1059.005",Execution,"Visual Basic"
"TeamTNT|Rocke|APT41","T1059.004",Execution,"Unix Shell"
"Kimsuky|Aquatic Panda|Dragonfly|LazyScripter|Sandworm Team|Nomadic Octopus|TeamTNT|APT29|Mustang Panda|ZIRCONIUM|TA551|Higaisa|Indrik Spider|Chimera|Fox Kitten|Machete|Operation Wocao|Wizard Spider|FIN6|TA505|Blue Mockingbird|Tropic Trooper|Frankenstein|OilRig|Lazarus Group|Honeybee|Cobalt Group|FIN7|APT41|GALLIUM|Turla|Silence|APT32|Darkhotel|MuddyWater|APT18|APT38|Dark Caracal|Ke3chang|Gorgon Group|Rancor|FIN8|APT28|APT37|Magic Hound|BRONZE BUTLER|Sowbug|menuPass|FIN10|Threat Group-3390|Gamaredon Group|Suckfly|Patchwork|Threat Group-1314|APT3|admin@338|APT1","T1059.003",Execution,"Windows Command Shell"
no,"T1059.002",Execution,AppleScript
"Gamaredon Group|Lazarus Group|Aquatic Panda|Confucius|Dragonfly|LazyScripter|Nomadic Octopus|TeamTNT|APT38|Tonto Team|Mustang Panda|Indrik Spider|HAFNIUM|Sidewinder|Fox Kitten|GOLD SOUTHFIELD|Sandworm Team|Operation Wocao|Chimera|Blue Mockingbird|APT39|DarkVishnya|Molerats|Wizard Spider|Frankenstein|Inception|Silence|APT41|Kimsuky|GALLIUM|TA505|WIRTE|TEMP.Veles|APT33|Gallmaker|APT19|DarkHydrus|APT28|Turla|Gorgon Group|Thrip|Cobalt Group|Leviathan|MuddyWater|FIN8|TA459|CopyKittens|OilRig|BRONZE BUTLER|Magic Hound|Threat Group-3390|FIN10|APT32|FIN7|menuPass|Patchwork|Stealth Falcon|FIN6|Poseidon Group|APT3|APT29|Deep Panda","T1059.001",Execution,PowerShell
APT28,T1567,Exfiltration,"Exfiltration Over Web Service"
no,"T1497.003","Defense Evasion|Discovery","Time Based Evasion"
"Darkhotel|FIN7","T1497.002","Defense Evasion|Discovery","User Activity Based Checks"
"Lazarus Group|OilRig|Darkhotel|Evilnum|Frankenstein","T1497.001","Defense Evasion|Discovery","System Checks"
no,"T1498.002",Impact,"Reflection Amplification"
no,"T1498.001",Impact,"Direct Network Flood"
"Lazarus Group|APT29|Ajax Security Team|Magic Hound|Windshift|FIN6|OilRig|Dark Caracal","T1566.003","Initial Access","Spearphishing via Service"
"Lazarus Group|Confucius|LazyScripter|Transparent Tribe|FIN7|APT3|Mustang Panda|ZIRCONIUM|MuddyWater|Sidewinder|Evilnum|Sandworm Team|Wizard Spider|APT1|Windshift|Molerats|Mofang|BlackTech|Machete|Kimsuky|TA505|APT39|FIN4|APT32|Night Dragon|Cobalt Group|APT28|Turla|OilRig|APT33|Patchwork|Magic Hound|APT29|FIN8|Elderwood|Leviathan","T1566.002","Initial Access","Spearphishing Link"
"WIRTE|Confucius|Dragonfly|LazyScripter|Threat Group-3390|APT38|Andariel|Ferocious Kitten|IndigoZebra|Transparent Tribe|Nomadic Octopus|Tonto Team|Ajax Security Team|Mustang Panda|TA551|Higaisa|Sidewinder|APT1|FIN6|APT30|Windshift|APT33|Sandworm Team|Naikon|Gamaredon Group|Sharpshooter|Molerats|Mofang|Wizard Spider|RTM|Frankenstein|Inception|BlackTech|APT-C-36|APT41|Machete|admin@338|Kimsuky|APT12|TA505|Silence|The White Company|APT39|FIN4|Darkhotel|Gallmaker|Tropic Trooper|APT19|Gorgon Group|Cobalt Group|FIN7|Rancor|APT32|BRONZE BUTLER|OilRig|Lazarus Group|DarkHydrus|Patchwork|APT28|Leviathan|menuPass|APT29|FIN8|PLATINUM|Elderwood|APT37|TA459|MuddyWater","T1566.001","Initial Access","Spearphishing Attachment"
"Axiom|GOLD SOUTHFIELD",T1566,"Initial Access",Phishing
APT38,"T1565.003",Impact,"Runtime Data Manipulation"
APT38,"T1565.002",Impact,"Transmitted Data Manipulation"
APT38,"T1565.001",Impact,"Stored Data Manipulation"
no,T1565,Impact,"Data Manipulation"
"Transparent Tribe|Mustang Panda|Rocke|APT32|Tropic Trooper|Lazarus Group|APT28","T1564.001","Defense Evasion","Hidden Files and Directories"
no,T1564,"Defense Evasion","Hide Artifacts"
Axiom,"T1563.002","Lateral Movement","RDP Hijacking"
no,"T1563.001","Lateral Movement","SSH Hijacking"
no,T1563,"Lateral Movement","Remote Service Session Hijacking"
"Kimsuky|Aquatic Panda|TeamTNT|APT38|Windshift|Sidewinder|Operation Wocao|Wizard Spider|Turla|Rocke|Frankenstein|The White Company|Cobalt Group|Darkhotel|MuddyWater|Tropic Trooper|FIN8|Patchwork|Naikon","T1518.001",Discovery,"Security Software Discovery"
no,"T1069.003",Discovery,"Cloud Groups"
"APT29|Dragonfly|Turla|Inception|OilRig|Ke3chang","T1069.002",Discovery,"Domain Groups"
APT29,"T1087.004",Discovery,"Cloud Account"
"Sandworm Team|TA505","T1087.003",Discovery,"Email Account"
"APT29|Lazarus Group|Dragonfly|MuddyWater|Fox Kitten|Operation Wocao|Wizard Spider|Chimera|Turla|Sandworm Team|BRONZE BUTLER|OilRig|menuPass|FIN6|Poseidon Group|Ke3chang","T1087.002",Discovery,"Domain Account"
"Chimera|Fox Kitten|Turla|Poseidon Group|OilRig|Ke3chang|APT32|APT1|Threat Group-3390|APT3|admin@338","T1087.001",Discovery,"Local Account"
no,"T1553.004","Defense Evasion","Install Root Certificate"
"Dragonfly|TeamTNT|APT38|APT29|Operation Wocao|Rocke|Lazarus Group|Kimsuky|Carbanak","T1562.004","Defense Evasion","Disable or Modify System Firewall"
APT38,"T1562.003","Defense Evasion","Impair Command History Logging"
"Sandworm Team|APT29|Threat Group-3390","T1562.002","Defense Evasion","Disable Windows Event Logging"
"Aquatic Panda|TeamTNT|Indrik Spider|APT29|MuddyWater|Wizard Spider|FIN6|Gamaredon Group|BRONZE BUTLER|Rocke|Kimsuky|Turla|Night Dragon|Gorgon Group|Lazarus Group|Putter Panda","T1562.001","Defense Evasion","Disable or Modify Tools"
no,T1562,"Defense Evasion","Impair Defenses"
"Dragonfly|OilRig|MuddyWater|menuPass|Leafminer|Ke3chang|APT33|Threat Group-3390","T1003.004","Credential Access","LSA Secrets"
"OilRig|MuddyWater|Leafminer|APT33","T1003.005","Credential Access","Cached Domain Credentials"
"Sandworm Team|Lazarus Group|APT38|APT37","T1561.002",Impact,"Disk Structure Wipe"
"Lazarus Group","T1561.001",Impact,"Disk Content Wipe"
no,T1561,Impact,"Disk Wipe"
"Mustang Panda|Lazarus Group|Kimsuky|CopyKittens|FIN6","T1560.003",Collection,"Archive via Custom Method"
"Lazarus Group|Threat Group-3390","T1560.002",Collection,"Archive via Library"
"Kimsuky|Aquatic Panda|APT28|APT29|Mustang Panda|HAFNIUM|Fox Kitten|Operation Wocao|Chimera|APT41|GALLIUM|Turla|Gallmaker|APT33|APT39|MuddyWater|Magic Hound|FIN8|Sowbug|CopyKittens|APT3|BRONZE BUTLER|menuPass|APT1|Ke3chang","T1560.001",Collection,"Archive via Utility"
"Axiom|Dragonfly|Leviathan|menuPass|APT32|APT28|Patchwork|Honeybee|FIN6|Lazarus Group|Ke3chang",T1560,Collection,"Archive Collected Data"
no,"T1499.004",Impact,"Application or System Exploitation"
no,"T1499.003",Impact,"Application Exhaustion Flood"
no,"T1499.002",Impact,"Service Exhaustion Flood"
no,"T1499.001",Impact,"OS Exhaustion Flood"
"Sandworm Team","T1491.002",Impact,"External Defacement"
"Gamaredon Group|Lazarus Group","T1491.001",Impact,"Internal Defacement"
"Silent Librarian|Kimsuky","T1114.003",Collection,"Email Forwarding Rule"
"Kimsuky|Dragonfly|APT29|HAFNIUM|Chimera|APT1|FIN4|Leafminer|Ke3chang|APT28","T1114.002",Collection,"Remote Email Collection"
"Chimera|Magic Hound|APT1","T1114.001",Collection,"Local Email Collection"
no,"T1134.005","Defense Evasion|Privilege Escalation","SID-History Injection"
no,"T1134.004","Defense Evasion|Privilege Escalation","Parent PID Spoofing"
no,"T1134.003","Defense Evasion|Privilege Escalation","Make and Impersonate Token"
"Turla|Lazarus Group","T1134.002","Defense Evasion|Privilege Escalation","Create Process with Token"
"FIN8|APT28","T1134.001","Defense Evasion|Privilege Escalation","Token Impersonation/Theft"
"Chimera|Ke3chang|APT28","T1213.002",Collection,Sharepoint
no,"T1213.001",Collection,Confluence
"APT29|Ajax Security Team|ZIRCONIUM|FIN6|Sandworm Team|Inception|Stealth Falcon|OilRig|Leafminer|APT33|APT3|Kimsuky|TA505|MuddyWater|APT37|Patchwork|Molerats","T1555.003","Credential Access","Credentials from Web Browsers"
no,"T1555.002","Credential Access","Securityd Memory"
no,"T1555.001","Credential Access",Keychain
"Leviathan|Sidewinder|Sharpshooter|TA505|MuddyWater|Gallmaker|Cobalt Group|Patchwork|APT37|FIN7|APT28","T1559.002",Execution,"Dynamic Data Exchange"
"Gamaredon Group|MuddyWater","T1559.001",Execution,"Component Object Model"
no,T1559,Execution,"Inter-Process Communication"
no,"T1558.002","Credential Access","Silver Ticket"
Ke3chang,"T1558.001","Credential Access","Golden Ticket"
no,T1558,"Credential Access","Steal or Forge Kerberos Tickets"
"Lazarus Group|Wizard Spider","T1557.001","Credential Access|Collection","LLMNR/NBT-NS Poisoning and SMB Relay"
Kimsuky,T1557,"Credential Access|Collection","Adversary-in-the-Middle"
Strider,"T1556.002","Credential Access|Defense Evasion|Persistence","Password Filter DLL"
Chimera,"T1556.001","Credential Access|Defense Evasion|Persistence","Domain Controller Authentication"
no,T1556,"Credential Access|Defense Evasion|Persistence","Modify Authentication Process"
PLATINUM,"T1056.004","Collection|Credential Access","Credential API Hooking"
no,"T1056.003","Collection|Credential Access","Web Portal Capture"
FIN4,"T1056.002","Collection|Credential Access","GUI Input Capture"
"Tonto Team|Ajax Security Team|Operation Wocao|APT32|Sandworm Team|APT39|APT41|Kimsuky|menuPass|FIN4|APT38|Ke3chang|OilRig|PLATINUM|Sowbug|Magic Hound|Group5|Lazarus Group|Threat Group-3390|APT3|Darkhotel|APT28","T1056.001","Collection|Credential Access",Keylogging
"APT29|Evilnum|FIN6|APT39|OilRig|MuddyWater|Leafminer|APT33|Stealth Falcon",T1555,"Credential Access","Credentials from Password Stores"
TeamTNT,"T1552.005","Credential Access","Cloud Instance Metadata API"
no,"T1003.008","Credential Access","/etc/passwd and /etc/shadow"
no,"T1003.007","Credential Access","Proc Filesystem"
"APT29|Operation Wocao","T1003.006","Credential Access",DCSync
"FIN7|APT29|Operation Wocao|Wizard Spider","T1558.003","Credential Access",Kerberoasting
APT33,"T1552.006","Credential Access","Group Policy Preferences"
"Ke3chang|Dragonfly|APT28|Mustang Panda|HAFNIUM|Fox Kitten|menuPass|Wizard Spider|Chimera|FIN6","T1003.003","Credential Access",NTDS
"Dragonfly|Wizard Spider|Threat Group-3390|Ke3chang|GALLIUM|Night Dragon|menuPass","T1003.002","Credential Access","Security Account Manager"
"Aquatic Panda|Indrik Spider|HAFNIUM|Fox Kitten|Operation Wocao|Kimsuky|Sandworm Team|Whitefly|Blue Mockingbird|Silence|Threat Group-3390|Leviathan|APT41|GALLIUM|TEMP.Veles|APT33|APT39|APT32|Leafminer|Magic Hound|FIN8|MuddyWater|PLATINUM|OilRig|BRONZE BUTLER|FIN6|APT3|APT28|APT1|Ke3chang|Cleaver","T1003.001","Credential Access","LSASS Memory"
Chimera,"T1110.004","Credential Access","Credential Stuffing"
"Sandworm Team|APT29|Silent Librarian|Chimera|APT28|APT33|Leafminer|Lazarus Group","T1110.003","Credential Access","Password Spraying"
"Dragonfly|FIN6|APT41|APT3","T1110.002","Credential Access","Password Cracking"
APT28,"T1110.001","Credential Access","Password Guessing"
"APT29|Chimera|Wizard Spider|Threat Group-3390","T1021.006","Lateral Movement","Windows Remote Management"
"Gamaredon Group|FIN7|Fox Kitten|GCMAN","T1021.005","Lateral Movement",VNC
"BlackTech|Lazarus Group|TeamTNT|FIN7|Fox Kitten|Rocke|TEMP.Veles|Leviathan|APT39|OilRig|menuPass|GCMAN","T1021.004","Lateral Movement",SSH
no,"T1021.003","Lateral Movement","Distributed Component Object Model"
"APT29|Sandworm Team|APT28|Fox Kitten|APT41|Operation Wocao|Wizard Spider|Chimera|Blue Mockingbird|APT39|APT32|Orangeworm|FIN8|APT3|Lazarus Group|Threat Group-1314|Turla|Deep Panda|Ke3chang","T1021.002","Lateral Movement","SMB/Windows Admin Shares"
"APT29|Dragonfly|Kimsuky|FIN7|Fox Kitten|Chimera|Blue Mockingbird|Wizard Spider|Silence|APT41|TEMP.Veles|Leviathan|APT39|Cobalt Group|FIN8|OilRig|APT3|menuPass|FIN10|Patchwork|FIN6|Lazarus Group|APT1|Axiom","T1021.001","Lateral Movement","Remote Desktop Protocol"
no,T1554,Persistence,"Compromise Client Software Binary"
no,"T1036.006","Defense Evasion","Space after Filename"
"Ke3chang|Kimsuky|Gamaredon Group|WIRTE|APT28|Ferocious Kitten|FIN7|BackdoorDiplomacy|Transparent Tribe|Naikon|APT29|Mustang Panda|Sidewinder|Darkhotel|Lazarus Group|Indrik Spider|Fox Kitten|Machete|Chimera|PROMETHIUM|Rocke|Sandworm Team|APT39|Blue Mockingbird|Whitefly|Tropic Trooper|Silence|APT41|menuPass|TEMP.Veles|MuddyWater|Sowbug|BRONZE BUTLER|APT32|Patchwork|Poseidon Group|admin@338|Carbanak|APT1","T1036.005","Defense Evasion","Match Legitimate Name or Location"
"Lazarus Group|BackdoorDiplomacy|APT41|Naikon|ZIRCONIUM|APT29|Higaisa|Fox Kitten|Kimsuky|PROMETHIUM|Wizard Spider|APT-C-36|Carbanak|APT32|FIN6|FIN7","T1036.004","Defense Evasion","Masquerade Task or Service"
"Lazarus Group|menuPass|APT32|GALLIUM","T1036.003","Defense Evasion","Rename System Utilities"
"Ferocious Kitten|BRONZE BUTLER|BlackTech|Ke3chang|Scarlet Mimic","T1036.002","Defense Evasion","Right-to-Left Override"
"Windshift|APT37","T1036.001","Defense Evasion","Invalid Code Signature"
no,"T1553.003","Defense Evasion","SIP and Trust Provider Hijacking"
"Lazarus Group|menuPass|APT29|GALLIUM|Wizard Spider|Kimsuky|PROMETHIUM|Patchwork|Silence|APT41|FIN6|TA505|Honeybee|FIN7|Leviathan|CopyKittens|Winnti Group|Suckfly|Molerats|Darkhotel","T1553.002","Defense Evasion","Code Signing"
no,"T1553.001","Defense Evasion","Gatekeeper Bypass"
Axiom,T1553,"Defense Evasion","Subvert Trust Controls"
"Andariel|Leviathan|TA551|BRONZE BUTLER|Tropic Trooper|MuddyWater|APT37","T1027.003","Defense Evasion",Steganography
"Threat Group-3390|Lazarus Group|Sandworm Team|Kimsuky|TeamTNT|ZIRCONIUM|TA505|Rocke|GALLIUM|The White Company|APT39|APT38|Dark Caracal|Elderwood|APT3|Patchwork|APT29|Night Dragon","T1027.002","Defense Evasion","Software Packing"
"APT29|Mustang Panda|Higaisa|Gamaredon Group|APT32|Patchwork|Leviathan|BRONZE BUTLER|Moafee","T1027.001","Defense Evasion","Binary Padding"
"TeamTNT|Rocke|APT32","T1222.002","Defense Evasion","Linux and Mac File and Directory Permissions Modification"
"Wizard Spider","T1222.001","Defense Evasion","Windows File and Directory Permissions Modification"
"TeamTNT|APT29|Operation Wocao|Rocke","T1552.004","Credential Access","Private Keys"
no,"T1552.003","Credential Access","Bash History"
APT32,"T1552.002","Credential Access","Credentials in Registry"
"TeamTNT|Kimsuky|Fox Kitten|Leafminer|APT33|OilRig|TA505|MuddyWater|APT3","T1552.001","Credential Access","Credentials In Files"
no,T1552,"Credential Access","Unsecured Credentials"
APT32,"T1216.001","Defense Evasion",PubPrn
"APT38|APT29|Chimera|Kimsuky|Rocke|TEMP.Veles|APT32|Lazarus Group|APT28","T1070.006","Defense Evasion",Timestomp
"Threat Group-3390","T1070.005","Defense Evasion","Network Share Connection Removal"
"Aquatic Panda|Dragonfly|TeamTNT|APT39|Mustang Panda|Chimera|Evilnum|Operation Wocao|FIN6|Sandworm Team|Rocke|Tropic Trooper|Gamaredon Group|Wizard Spider|APT41|Kimsuky|Silence|The White Company|TEMP.Veles|APT32|APT38|Patchwork|Honeybee|menuPass|Cobalt Group|FIN8|Magic Hound|FIN5|BRONZE BUTLER|APT3|OilRig|APT28|Threat Group-3390|FIN10|Group5|Lazarus Group|APT18|APT29","T1070.004","Defense Evasion","File Deletion"
"Lazarus Group|TeamTNT|menuPass|APT41","T1070.003","Defense Evasion","Clear Command History"
APT29,"T1550.004","Defense Evasion|Lateral Movement","Web Session Cookie"
"APT29|APT28","T1550.001","Defense Evasion|Lateral Movement","Application Access Token"
"APT32|BRONZE BUTLER|APT29","T1550.003","Defense Evasion|Lateral Movement","Pass the Ticket"
"Chimera|Kimsuky|GALLIUM|APT32|Night Dragon|APT28|APT1","T1550.002","Defense Evasion|Lateral Movement","Pass the Hash"
APT29,T1550,"Defense Evasion|Lateral Movement","Use Alternate Authentication Material"
no,"T1548.004","Privilege Escalation|Defense Evasion","Elevated Execution with Prompt"
no,"T1548.003","Privilege Escalation|Defense Evasion","Sudo and Sudo Caching"
"Evilnum|APT37|MuddyWater|Threat Group-3390|Cobalt Group|Honeybee|BRONZE BUTLER|Patchwork|APT29","T1548.002","Privilege Escalation|Defense Evasion","Bypass User Account Control"
no,"T1548.001","Privilege Escalation|Defense Evasion","Setuid and Setgid"
no,T1548,"Privilege Escalation|Defense Evasion","Abuse Elevation Control Mechanism"
APT29,"T1136.003",Persistence,"Cloud Account"
"TeamTNT|Rocke","T1070.002","Defense Evasion","Clear Linux or Mac System Logs"
"Dragonfly|Indrik Spider|Chimera|Operation Wocao|APT41|APT38|APT32|FIN8|FIN5|APT28","T1070.001","Defense Evasion","Clear Windows Event Logs"
"Sandworm Team|HAFNIUM|GALLIUM","T1136.002",Persistence,"Domain Account"
"Kimsuky|Dragonfly|TeamTNT|Fox Kitten|APT39|APT41|Leafminer|APT3","T1136.001",Persistence,"Local Account"
no,"T1547.010","Persistence|Privilege Escalation","Port Monitors"
"Dragonfly|APT39|Darkhotel|APT29|Gorgon Group|Lazarus Group|Leviathan","T1547.009","Persistence|Privilege Escalation","Shortcut Modification"
no,"T1547.008","Persistence|Privilege Escalation","LSASS Driver"
no,"T1547.007","Persistence|Privilege Escalation","Re-opened Applications"
no,"T1547.006","Persistence|Privilege Escalation","Kernel Modules and Extensions"
no,"T1547.005","Persistence|Privilege Escalation","Security Support Provider"
"Wizard Spider|Tropic Trooper|Turla","T1547.004","Persistence|Privilege Escalation","Winlogon Helper DLL"
no,"T1547.003","Persistence|Privilege Escalation","Time Providers"
no,"T1546.014","Privilege Escalation|Persistence",Emond
Turla,"T1546.013","Privilege Escalation|Persistence","PowerShell Profile"
"TEMP.Veles","T1546.012","Privilege Escalation|Persistence","Image File Execution Options Injection"
"Cobalt Group","T1218.008","Defense Evasion",Odbcconf
FIN7,"T1546.011","Privilege Escalation|Persistence","Application Shimming"
no,"T1547.002","Persistence|Privilege Escalation","Authentication Package"
APT39,"T1546.010","Privilege Escalation|Persistence","AppInit DLLs"
Honeybee,"T1546.009","Privilege Escalation|Persistence","AppCert DLLs"
"ZIRCONIUM|Molerats|Machete|TA505|Rancor","T1218.007","Defense Evasion",Msiexec
"Fox Kitten|APT41|APT3|APT29|Deep Panda|Axiom","T1546.008","Privilege Escalation|Persistence","Accessibility Features"
no,"T1546.007","Privilege Escalation|Persistence","Netsh Helper DLL"
no,"T1546.006","Privilege Escalation|Persistence","LC_LOAD_DYLIB Addition"
no,"T1546.005","Privilege Escalation|Persistence",Trap
no,"T1546.004","Privilege Escalation|Persistence","Unix Shell Configuration Modification"
"FIN8|Mustang Panda|APT33|Blue Mockingbird|Turla|Leviathan|APT29","T1546.003","Privilege Escalation|Persistence","Windows Management Instrumentation Event Subscription"
no,"T1546.002","Privilege Escalation|Persistence",Screensaver
Kimsuky,"T1546.001","Privilege Escalation|Persistence","Change Default File Association"
"Confucius|Dragonfly|LazyScripter|TeamTNT|Naikon|Windshift|Mustang Panda|ZIRCONIUM|Higaisa|Sidewinder|APT28|Wizard Spider|PROMETHIUM|Rocke|Tropic Trooper|Gamaredon Group|Sharpshooter|Molerats|Silence|RTM|Inception|APT41|Kimsuky|APT33|APT39|APT32|APT18|Dark Caracal|Gorgon Group|Honeybee|Cobalt Group|Threat Group-3390|Turla|Ke3chang|APT19|MuddyWater|APT37|Leviathan|Magic Hound|APT3|BRONZE BUTLER|FIN7|FIN10|Patchwork|FIN6|Lazarus Group|Putter Panda|APT29|Darkhotel","T1547.001","Persistence|Privilege Escalation","Registry Run Keys / Startup Folder"
no,"T1218.002","Defense Evasion","Control Panel"
"Kimsuky|Lazarus Group|TA551|Blue Mockingbird|Inception|WIRTE|Cobalt Group|APT19|Leviathan|APT32|Deep Panda","T1218.010","Defense Evasion",Regsvr32
no,"T1218.009","Defense Evasion","Regsvcs/Regasm"
"Gamaredon Group|Confucius|Lazarus Group|APT29|LazyScripter|Mustang Panda|TA551|Sidewinder|Inception|Kimsuky|APT32|MuddyWater|FIN7","T1218.005","Defense Evasion",Mshta
"Mustang Panda|menuPass","T1218.004","Defense Evasion",InstallUtil
"APT38|APT41|Silence|OilRig|Dark Caracal","T1218.001","Defense Evasion","Compiled HTML File"
"Cobalt Group|MuddyWater","T1218.003","Defense Evasion",CMSTP
"Kimsuky|Lazarus Group|LazyScripter|APT38|HAFNIUM|TA551|APT41|Gamaredon Group|APT32|Sandworm Team|Blue Mockingbird|TA505|MuddyWater|APT29|APT19|CopyKittens|APT3|Carbanak|APT28","T1218.011","Defense Evasion",Rundll32
no,T1547,"Persistence|Privilege Escalation","Boot or Logon Autostart Execution"
no,T1546,"Privilege Escalation|Persistence","Event Triggered Execution"
APT29,"T1098.003",Persistence,"Additional Cloud Roles"
"APT28|APT29|Magic Hound","T1098.002",Persistence,"Additional Email Delegate Permissions"
APT29,"T1098.001",Persistence,"Additional Cloud Credentials"
no,"T1543.004","Persistence|Privilege Escalation","Launch Daemon"
"TeamTNT|APT38|PROMETHIUM|Blue Mockingbird|DarkVishnya|Wizard Spider|APT32|APT41|Kimsuky|Tropic Trooper|Threat Group-3390|Ke3chang|Cobalt Group|Honeybee|APT19|FIN7|APT3|Lazarus Group|Carbanak","T1543.003","Persistence|Privilege Escalation","Windows Service"
"TeamTNT|Rocke","T1543.002","Persistence|Privilege Escalation","Systemd Service"
no,"T1543.001","Persistence|Privilege Escalation","Launch Agent"
no,"T1037.005","Persistence|Privilege Escalation","Startup Items"
no,"T1037.004","Persistence|Privilege Escalation","RC Scripts"
"Kimsuky|Threat Group-3390|Gorgon Group|menuPass|Patchwork","T1055.012","Defense Evasion|Privilege Escalation","Process Hollowing"
Leafminer,"T1055.013","Defense Evasion|Privilege Escalation","Process Doppelg√§nging"
no,"T1055.011","Defense Evasion|Privilege Escalation","Extra Window Memory Injection"
no,"T1055.014","Defense Evasion|Privilege Escalation","VDSO Hijacking"
no,"T1055.009","Defense Evasion|Privilege Escalation","Proc Memory"
no,"T1055.008","Defense Evasion|Privilege Escalation","Ptrace System Calls"
no,"T1055.005","Defense Evasion|Privilege Escalation","Thread Local Storage"
FIN8,"T1055.004","Defense Evasion|Privilege Escalation","Asynchronous Procedure Call"
no,"T1055.003","Defense Evasion|Privilege Escalation","Thread Execution Hijacking"
"Rocke|Gorgon Group","T1055.002","Defense Evasion|Privilege Escalation","Portable Executable Injection"
"BackdoorDiplomacy|Leviathan|Wizard Spider|TA505|Turla|Tropic Trooper|Lazarus Group|Putter Panda","T1055.001","Defense Evasion|Privilege Escalation","Dynamic-link Library Injection"
no,"T1037.003","Persistence|Privilege Escalation","Network Logon Script"
no,T1543,"Persistence|Privilege Escalation","Create or Modify System Process"
no,"T1037.002","Persistence|Privilege Escalation","Login Hook"
"Cobalt Group|APT28","T1037.001","Persistence|Privilege Escalation","Logon Script (Windows)"
"APT41|Lazarus Group|APT28","T1542.003","Persistence|Defense Evasion",Bootkit
Equation,"T1542.002","Persistence|Defense Evasion","Component Firmware"
no,"T1542.001","Persistence|Defense Evasion","System Firmware"
"Dragonfly|BackdoorDiplomacy|APT38|APT29|APT28|Tonto Team|Sandworm Team|HAFNIUM|Volatile Cedar|Fox Kitten|Operation Wocao|Kimsuky|Tropic Trooper|GALLIUM|Threat Group-3390|TEMP.Veles|Leviathan|APT39|OilRig|APT32|Deep Panda","T1505.003",Persistence,"Web Shell"
no,"T1505.002",Persistence,"Transport Agent"
"Sandworm Team","T1505.001",Persistence,"SQL Stored Procedures"
"APT38|Rocke","T1053.003","Execution|Persistence|Privilege Escalation",Cron
"Kimsuky|Lazarus Group|Confucius|Dragonfly|APT37|APT38|Naikon|CostaRicto|Mustang Panda|Higaisa|Fox Kitten|Molerats|Machete|Operation Wocao|Chimera|Gamaredon Group|Blue Mockingbird|MuddyWater|Wizard Spider|Frankenstein|APT-C-36|BRONZE BUTLER|APT41|GALLIUM|Silence|TEMP.Veles|APT33|APT39|OilRig|Rancor|Cobalt Group|Patchwork|FIN8|FIN10|menuPass|APT32|FIN7|Stealth Falcon|FIN6|APT3|APT29","T1053.005","Execution|Persistence|Privilege Escalation","Scheduled Task"
"BRONZE BUTLER|Threat Group-3390|APT18","T1053.002","Execution|Persistence|Privilege Escalation",At
no,T1542,"Defense Evasion|Persistence","Pre-OS Boot"
MuddyWater,"T1137.001",Persistence,"Office Template Macros"
OilRig,"T1137.004",Persistence,"Outlook Home Page"
no,"T1137.003",Persistence,"Outlook Forms"
no,"T1137.005",Persistence,"Outlook Rules"
Naikon,"T1137.006",Persistence,"Add-ins"
APT28,"T1137.002",Persistence,"Office Test"
no,T1531,Impact,"Account Access Removal"
"APT29|Evilnum",T1539,"Credential Access","Steal Web Session Cookie"
"Lazarus Group|APT38|APT37",T1529,Impact,"System Shutdown/Reboot"
"Mustang Panda|Windshift|MuddyWater|Windigo|Sidewinder|Operation Wocao|BRONZE BUTLER|Tropic Trooper|Inception",T1518,Discovery,"Software Discovery"
no,"T1547.013","Persistence|Privilege Escalation","XDG Autostart Entries"
"Kimsuky|Lazarus Group|Leviathan|Gamaredon Group",T1534,"Lateral Movement","Internal Spearphishing"
APT28,T1528,"Credential Access","Steal Application Access Token"
no,T1535,"Defense Evasion","Unused/Unsupported Cloud Regions"
no,T1525,Persistence,"Implant Internal Image"
no,T1538,Discovery,"Cloud Service Dashboard"
"Fox Kitten",T1530,Collection,"Data from Cloud Storage Object"
no,T1578,"Defense Evasion","Modify Cloud Compute Infrastructure"
no,T1537,Exfiltration,"Transfer Data to Cloud Account"
no,T1526,Discovery,"Cloud Service Discovery"
no,T1505,Persistence,"Server Software Component"
"Sandworm Team",T1499,Impact,"Endpoint Denial of Service"
Darkhotel,T1497,"Defense Evasion|Discovery","Virtualization/Sandbox Evasion"
APT28,T1498,Impact,"Network Denial of Service"
"TeamTNT|Blue Mockingbird|Rocke|APT41",T1496,Impact,"Resource Hijacking"
no,T1495,Impact,"Firmware Corruption"
no,T1491,Impact,Defacement
no,T1490,Impact,"Inhibit System Recovery"
"Indrik Spider|Wizard Spider|Lazarus Group",T1489,Impact,"Service Stop"
"FIN7|Indrik Spider|APT41|TA505|APT38",T1486,Impact,"Data Encrypted for Impact"
"Gamaredon Group|Sandworm Team|Lazarus Group|APT38",T1485,Impact,"Data Destruction"
no,T1484,"Defense Evasion|Privilege Escalation","Domain Policy Modification"
"FIN8|APT29|Chimera",T1482,Discovery,"Domain Trust Discovery"
no,T1480,"Defense Evasion","Execution Guardrails"
"Lazarus Group|Confucius|Dragonfly|Gamaredon Group|Frankenstein|Inception|APT28|Tropic Trooper|DarkHydrus",T1221,"Defense Evasion","Template Injection"
"Lazarus Group|Higaisa|Cobalt Group",T1220,"Defense Evasion","XSL Script Processing"
no,T1222,"Defense Evasion","File and Directory Permissions Modification"
"Lazarus Group",T1202,"Defense Evasion","Indirect Command Execution"
no,T1195,"Initial Access","Supply Chain Compromise"
"TeamTNT|Mustang Panda|MuddyWater|Evilnum|GOLD SOUTHFIELD|Sandworm Team|DarkVishnya|RTM|Kimsuky|Night Dragon|Cobalt Group|Thrip|Carbanak",T1219,"Command And Control","Remote Access Software"
"APT29|APT28|Fox Kitten|FIN6|Turla",T1213,Collection,"Data from Information Repositories"
DarkVishnya,T1200,"Initial Access","Hardware Additions"
no,T1216,"Defense Evasion","System Script Proxy Execution"
"Threat Group-3390|Ke3chang|Kimsuky|Magic Hound|Dragonfly|BackdoorDiplomacy|menuPass|HAFNIUM|Volatile Cedar|Fox Kitten|Operation Wocao|APT28|APT29|GOLD SOUTHFIELD|Blue Mockingbird|Rocke|APT39|BlackTech|APT41|GALLIUM|Night Dragon|Axiom",T1190,"Initial Access","Exploit Public-Facing Application"
"Chimera|Turla|OilRig",T1201,Discovery,"Password Policy Discovery"
"Lazarus Group",T1218,"Defense Evasion","System Binary Proxy Execution"
no,T1207,"Defense Evasion","Rogue Domain Controller"
"Threat Group-3390|APT29|Sandworm Team|GOLD SOUTHFIELD|APT28|menuPass",T1199,"Initial Access","Trusted Relationship"
no,T1205,"Defense Evasion|Persistence|Command And Control","Traffic Signaling"
"APT38|Chimera|Fox Kitten",T1217,Discovery,"Browser Bookmark Discovery"
no,T1204,Execution,"User Execution"
"Dragonfly|Tonto Team|FIN7|Fox Kitten|menuPass|Wizard Spider|Threat Group-3390|APT28",T1210,"Lateral Movement","Exploitation of Remote Services"
"Magic Hound|APT28|Axiom|Transparent Tribe|Andariel|Leviathan|Machete|Windigo|Dragonfly|PROMETHIUM|Turla|Windshift|RTM|Darkhotel|APT38|BRONZE BUTLER|Dark Caracal|Leafminer|APT32|APT19|Lazarus Group|Threat Group-3390|Patchwork|Elderwood|APT37|PLATINUM",T1189,"Initial Access","Drive-by Compromise"
APT28,T1211,"Defense Evasion","Exploitation for Defense Evasion"
no,T1212,"Credential Access","Exploitation for Credential Access"
"Axiom|Confucius|Dragonfly|Andariel|Transparent Tribe|APT3|Tonto Team|Mustang Panda|Darkhotel|Higaisa|Sidewinder|Sandworm Team|MuddyWater|Frankenstein|Inception|BlackTech|APT41|admin@338|Threat Group-3390|APT12|The White Company|APT33|APT32|APT28|Tropic Trooper|Lazarus Group|Cobalt Group|BRONZE BUTLER|Elderwood|APT37|Leviathan|Patchwork|TA459|APT29",T1203,Execution,"Exploitation for Client Execution"
"APT39|Patchwork|APT41|Leviathan",T1197,"Defense Evasion|Persistence","BITS Jobs"
Kimsuky,T1176,Persistence,"Browser Extensions"
no,T1185,Collection,"Browser Session Hijacking"
"Dragonfly|DarkHydrus",T1187,"Credential Access","Forced Authentication"
"Lazarus Group|Ke3chang|Kimsuky|APT39|APT29|ZIRCONIUM|Higaisa|Rocke|Sandworm Team|Gamaredon Group|Molerats|Frankenstein|Turla|WIRTE|Darkhotel|Tropic Trooper|menuPass|Gorgon Group|Threat Group-3390|APT19|Honeybee|Leviathan|MuddyWater|APT28|OilRig|BRONZE BUTLER",T1140,"Defense Evasion","Deobfuscate/Decode Files or Information"
"Gamaredon Group|APT32",T1137,Persistence,"Office Application Startup"
"FIN6|Blue Mockingbird",T1134,"Defense Evasion|Privilege Escalation","Access Token Manipulation"
"Sandworm Team|Indrik Spider",T1136,Persistence,"Create Account"
"Dragonfly|Tonto Team|APT38|Chimera|Operation Wocao|Wizard Spider|APT32|APT39|DarkVishnya|APT41|Tropic Trooper|APT1|Sowbug",T1135,Discovery,"Network Share Discovery"
"Dragonfly|TeamTNT|Leviathan|APT28|APT29|Operation Wocao|Wizard Spider|Kimsuky|GOLD SOUTHFIELD|Chimera|Sandworm Team|APT41|GALLIUM|TEMP.Veles|Night Dragon|Ke3chang|OilRig|FIN5|Threat Group-3390|APT18",T1133,"Persistence|Initial Access","External Remote Services"
no,T1132,"Command And Control","Data Encoding"
no,T1129,Execution,"Shared Modules"
no,T1127,"Defense Evasion","Trusted Developer Utilities Proxy Execution"
"Silence|FIN7",T1125,Collection,"Video Capture"
"Darkhotel|ZIRCONIUM|Higaisa|Sidewinder|Chimera|Operation Wocao|The White Company|Lazarus Group|BRONZE BUTLER|Turla",T1124,Discovery,"System Time Discovery"
APT37,T1123,Collection,"Audio Capture"
"OilRig|BackdoorDiplomacy|Operation Wocao|Turla|APT37|Gamaredon Group|Equation|APT28",T1120,Discovery,"Peripheral Device Discovery"
"Ke3chang|Confucius|Mustang Panda|Sidewinder|Chimera|menuPass|Operation Wocao|Gamaredon Group|Tropic Trooper|Frankenstein|APT1|Patchwork|APT28|FIN5|OilRig|Threat Group-3390|FIN6",T1119,Collection,"Automated Collection"
"Operation Wocao|APT39|APT38",T1115,Collection,"Clipboard Data"
"Magic Hound|Silent Librarian",T1114,Collection,"Email Collection"
"Dragonfly|GOLD SOUTHFIELD|Gamaredon Group|APT39|Silence|MuddyWater|FIN7|OilRig|Dark Caracal|Magic Hound|BRONZE BUTLER|Group5|APT28",T1113,Collection,"Screen Capture"
"Dragonfly|Operation Wocao|Kimsuky|Gamaredon Group|Blue Mockingbird|Wizard Spider|Silence|APT41|Turla|APT32|APT38|APT19|Threat Group-3390|Patchwork|Honeybee|Gorgon Group|FIN8",T1112,"Defense Evasion","Modify Registry"
"Kimsuky|Chimera|Operation Wocao",T1111,"Credential Access","Multi-Factor Authentication Interception"
"Lazarus Group|Dragonfly|APT38|APT28|Fox Kitten|DarkVishnya|APT39|OilRig|FIN5|Turla",T1110,"Credential Access","Brute Force"
"BlackTech|Lazarus Group|APT38|Higaisa|menuPass|Operation Wocao|Chimera|Gamaredon Group|Tropic Trooper|Sharpshooter|Turla|Silence|APT37|Gorgon Group",T1106,Execution,"Native API"
"LazyScripter|Ke3chang|Aquatic Panda|Winnti Group|Confucius|Dragonfly|TeamTNT|Nomadic Octopus|IndigoZebra|Andariel|BackdoorDiplomacy|Tonto Team|HAFNIUM|APT29|Ajax Security Team|Mustang Panda|Windshift|Darkhotel|ZIRCONIUM|TA551|Volatile Cedar|Indrik Spider|Evilnum|Sidewinder|Fox Kitten|Kimsuky|Operation Wocao|Chimera|Sandworm Team|Whitefly|Rocke|APT39|Tropic Trooper|Sharpshooter|Molerats|Frankenstein|Silence|APT-C-36|APT41|GALLIUM|TA505|WIRTE|APT33|MuddyWater|APT18|APT38|Gorgon Group|Turla|Cobalt Group|Rancor|OilRig|Leviathan|Elderwood|APT37|PLATINUM|FIN8|APT32|Magic Hound|BRONZE BUTLER|APT3|menuPass|FIN7|Gamaredon Group|Patchwork|Lazarus Group|Threat Group-3390|APT28",T1105,"Command And Control","Ingress Tool Transfer"
"Lazarus Group|APT41|MuddyWater|APT3",T1104,"Command And Control","Multi-Stage Channels"
"Mustang Panda|LazyScripter|TeamTNT|FIN8|Fox Kitten|Turla|APT32|Gamaredon Group|Rocke|Inception|FIN6",T1102,"Command And Control","Web Service"
"Kimsuky|Dragonfly|Sandworm Team|APT3|Lazarus Group",T1098,Persistence,"Account Manipulation"
"BackdoorDiplomacy|HAFNIUM|Operation Wocao|FIN6|APT29|PLATINUM|APT3",T1095,"Command And Control","Non-Application Layer Protocol"
APT28,T1092,"Command And Control","Communication Through Removable Media"
"FIN7|Mustang Panda|Tropic Trooper|Darkhotel|APT28",T1091,"Lateral Movement|Initial Access","Replication Through Removable Media"
"Windigo|Fox Kitten|Operation Wocao|Sandworm Team|Blue Mockingbird|APT41|Turla",T1090,"Command And Control",Proxy
APT29,T1087,Discovery,"Account Discovery"
"Winnti Group|Confucius|Dragonfly|APT38|APT29|Mustang Panda|Darkhotel|Windigo|Sidewinder|Chimera|Fox Kitten|menuPass|APT39|Sandworm Team|Operation Wocao|Gamaredon Group|Tropic Trooper|Inception|APT41|Kimsuky|APT32|MuddyWater|APT18|Dark Caracal|Leafminer|Honeybee|BRONZE BUTLER|Sowbug|Magic Hound|APT3|APT28|Patchwork|Lazarus Group|Dust Storm|admin@338|Turla|Ke3chang",T1083,Discovery,"File and Directory Discovery"
"Aquatic Panda|Confucius|TeamTNT|APT38|APT29|Mustang Panda|Windshift|ZIRCONIUM|Higaisa|Windigo|Sidewinder|Chimera|Operation Wocao|Wizard Spider|Rocke|Sandworm Team|Blue Mockingbird|Tropic Trooper|Frankenstein|Inception|Kimsuky|Darkhotel|MuddyWater|APT18|APT19|APT32|Honeybee|APT37|APT3|OilRig|Sowbug|Magic Hound|Gamaredon Group|Patchwork|Stealth Falcon|Lazarus Group|admin@338|Turla|Ke3chang",T1082,Discovery,"System Information Discovery"
"Gamaredon Group|BRONZE BUTLER|Darkhotel",T1080,"Lateral Movement","Taint Shared Content"
"Ke3chang|Lazarus Group|Axiom|Dragonfly|FIN7|Leviathan|APT29|Silent Librarian|Fox Kitten|Operation Wocao|Chimera|Sandworm Team|Wizard Spider|Silence|APT41|GALLIUM|TEMP.Veles|APT39|FIN4|Night Dragon|FIN8|APT33|OilRig|FIN5|FIN10|APT28|menuPass|Suckfly|FIN6|Threat Group-3390|APT18|PittyTiger|Carbanak",T1078,"Defense Evasion|Persistence|Privilege Escalation|Initial Access","Valid Accounts"
"Wizard Spider",T1074,Collection,"Data Staged"
"Silence|APT32|Threat Group-1314",T1072,"Execution|Lateral Movement","Software Deployment Tools"
"Dragonfly|TeamTNT|Rocke|Magic Hound",T1071,"Command And Control","Application Layer Protocol"
"Lazarus Group|APT29",T1070,"Defense Evasion","Indicator Removal on Host"
"APT29|TA505|APT3",T1069,Discovery,"Permission Groups Discovery"
"APT29|Tonto Team|ZIRCONIUM|Turla|Whitefly|APT33|Cobalt Group|PLATINUM|FIN8|Threat Group-3390|APT32|FIN6|APT28",T1068,"Privilege Escalation","Exploitation for Privilege Escalation"
"Dragonfly|APT37|Windigo|Fox Kitten|APT32|Whitefly|APT39|APT19|FIN7|OilRig|FIN5|Stealth Falcon|FIN6|Ke3chang",T1059,Execution,"Command and Scripting Interpreter"
"Gamaredon Group|Kimsuky|TeamTNT|Andariel|APT29|Mustang Panda|Windshift|Higaisa|Sidewinder|Chimera|Operation Wocao|Rocke|Frankenstein|Inception|Darkhotel|MuddyWater|APT1|APT38|Tropic Trooper|APT37|Honeybee|Magic Hound|APT3|OilRig|APT28|Winnti Group|Stealth Falcon|Poseidon Group|Lazarus Group|Molerats|Turla|Deep Panda|Ke3chang",T1057,Discovery,"Process Discovery"
APT39,T1056,"Collection|Credential Access","Input Capture"
"Operation Wocao|APT32|Sharpshooter|Silence|APT41|Kimsuky|Cobalt Group|APT37|Turla|Honeybee|PLATINUM",T1055,"Defense Evasion|Privilege Escalation","Process Injection"
no,T1053,"Execution|Persistence|Privilege Escalation","Scheduled Task/Job"
no,T1052,Exfiltration,"Exfiltration Over Physical Medium"
"Lazarus Group|TeamTNT|Andariel|BackdoorDiplomacy|Mustang Panda|MuddyWater|Chimera|Sandworm Team|Operation Wocao|Tropic Trooper|APT41|APT38|GALLIUM|APT32|APT1|OilRig|APT3|Threat Group-3390|menuPass|Poseidon Group|admin@338|Turla|Ke3chang",T1049,Discovery,"System Network Connections Discovery"
no,T1048,Exfiltration,"Exfiltration Over Alternative Protocol"
"Gamaredon Group|Sandworm Team|FIN7|Indrik Spider|Naikon|Mustang Panda|Windshift|Operation Wocao|Chimera|Blue Mockingbird|Wizard Spider|Frankenstein|APT41|FIN6|GALLIUM|APT32|MuddyWater|OilRig|Threat Group-3390|Leviathan|FIN8|menuPass|Stealth Falcon|Lazarus Group|APT29|Deep Panda",T1047,Execution,"Windows Management Instrumentation"
"BlackTech|Lazarus Group|TeamTNT|BackdoorDiplomacy|Naikon|CostaRicto|Chimera|Fox Kitten|Operation Wocao|Rocke|DarkVishnya|APT41|Tropic Trooper|APT39|APT32|Leafminer|Cobalt Group|OilRig|menuPass|Suckfly|FIN6|Threat Group-3390",T1046,Discovery,"Network Service Discovery"
"Confucius|Leviathan|ZIRCONIUM|Higaisa|Chimera|APT39|Operation Wocao|Sandworm Team|MuddyWater|Wizard Spider|Frankenstein|Kimsuky|GALLIUM|APT32|APT3|Gamaredon Group|Stealth Falcon|Lazarus Group|Ke3chang",T1041,Exfiltration,"Exfiltration Over C2 Channel"
"Kimsuky|Sandworm Team|DarkVishnya|APT33|APT28",T1040,"Credential Access|Discovery","Network Sniffing"
"APT28|Chimera|Fox Kitten|Gamaredon Group|BRONZE BUTLER|Sowbug|menuPass",T1039,Collection,"Data from Network Shared Drive"
Rocke,T1037,"Persistence|Privilege Escalation","Boot or Logon Initialization Scripts"
"Kimsuky|Lazarus Group|Dragonfly|LazyScripter|APT28|Nomadic Octopus|OilRig|APT29|ZIRCONIUM|TA551|Windshift|APT32|BRONZE BUTLER|menuPass|PLATINUM",T1036,"Defense Evasion",Masquerading
"Threat Group-3390|Ke3chang|Dragonfly|APT38|Windshift|ZIRCONIUM|Sidewinder|Chimera|Sandworm Team|Operation Wocao|Wizard Spider|Frankenstein|APT41|GALLIUM|Tropic Trooper|APT39|MuddyWater|APT32|APT37|APT19|OilRig|Magic Hound|FIN10|Gamaredon Group|Patchwork|Stealth Falcon|Lazarus Group|APT3",T1033,Discovery,"System Owner/User Discovery"
"APT28|Threat Group-3390",T1030,Exfiltration,"Data Transfer Size Limits"
Higaisa,T1029,Exfiltration,"Scheduled Transfer"
"Aquatic Panda|Ke3chang|LazyScripter|TeamTNT|BackdoorDiplomacy|Transparent Tribe|APT39|Mustang Panda|Windshift|TA551|Higaisa|Sidewinder|Fox Kitten|GOLD SOUTHFIELD|Operation Wocao|Kimsuky|FIN6|Chimera|Gamaredon Group|Rocke|Sandworm Team|Blue Mockingbird|Whitefly|Molerats|Wizard Spider|Mofang|Frankenstein|Inception|APT-C-36|APT41|GALLIUM|Turla|TA505|Silence|APT33|Night Dragon|Darkhotel|Gallmaker|APT29|APT18|Tropic Trooper|APT37|Cobalt Group|Dark Caracal|menuPass|Leafminer|Honeybee|APT19|Threat Group-3390|Patchwork|Elderwood|MuddyWater|Leviathan|FIN7|BlackOasis|FIN8|OilRig|APT3|Magic Hound|APT32|Group5|Dust Storm|Lazarus Group|Putter Panda|APT28",T1027,"Defense Evasion","Obfuscated Files or Information"
"Turla|Gamaredon Group|APT28",T1025,Collection,"Data from Removable Media"
no,T1021,"Lateral Movement","Remote Services"
"Ke3chang|Sidewinder|Gamaredon Group|Tropic Trooper|Frankenstein|Honeybee",T1020,Exfiltration,"Automated Exfiltration"
"Dragonfly|Indrik Spider|Naikon|APT29|Chimera|Fox Kitten|Operation Wocao|Sandworm Team|Rocke|Wizard Spider|Silence|GALLIUM|APT39|APT32|Leafminer|Ke3chang|Threat Group-3390|Deep Panda|FIN8|BRONZE BUTLER|FIN5|APT3|menuPass|FIN6|Turla",T1018,Discovery,"Remote System Discovery"
"Kimsuky|Dragonfly|TeamTNT|ZIRCONIUM|Mustang Panda|Higaisa|Sidewinder|Chimera|Operation Wocao|Wizard Spider|Sandworm Team|Tropic Trooper|Frankenstein|APT41|GALLIUM|APT32|Darkhotel|MuddyWater|APT1|APT19|Magic Hound|OilRig|Threat Group-3390|menuPass|Stealth Falcon|Lazarus Group|APT3|Naikon|admin@338|Turla|Ke3chang",T1016,Discovery,"System Network Configuration Discovery"
"TeamTNT|Rocke|APT41|APT28|Winnti Group",T1014,"Defense Evasion",Rootkit
"Kimsuky|Dragonfly|ZIRCONIUM|Chimera|Fox Kitten|APT39|Operation Wocao|APT32|Threat Group-3390|OilRig|Stealth Falcon|Lazarus Group|Turla",T1012,Discovery,"Query Registry"
no,T1011,Exfiltration,"Exfiltration Over Other Network Medium"
"Lazarus Group",T1010,Discovery,"Application Window Discovery"
"FIN7|APT41|OilRig|Lazarus Group",T1008,"Command And Control","Fallback Channels"
"Kimsuky|Aquatic Panda|Indrik Spider|Chimera|Operation Wocao|BRONZE BUTLER|APT1|OilRig|Poseidon Group|admin@338|Turla|Ke3chang",T1007,Discovery,"System Service Discovery"
no,T1006,"Defense Evasion","Direct Volume Access"
"Axiom|Dragonfly|FIN7|APT41|APT38|Andariel|APT29|Windigo|Fox Kitten|Sandworm Team|Operation Wocao|FIN6|Gamaredon Group|APT39|Frankenstein|Inception|Kimsuky|GALLIUM|Turla|menuPass|Honeybee|Dark Caracal|APT37|APT28|BRONZE BUTLER|APT3|Patchwork|Stealth Falcon|Lazarus Group|Dust Storm|Threat Group-3390|APT1|Ke3chang",T1005,Collection,"Data from Local System"
"Tonto Team|APT39|Frankenstein|APT32|APT28|Leviathan|Sowbug|Suckfly|Poseidon Group|Axiom",T1003,"Credential Access","OS Credential Dumping"
"Operation Wocao",T1001,"Command And Control","Data Obfuscation"
