title,skipped,"run_time","result_count"
"DMC Asset - Build Standalone Asset Table","0.0","0.3","4.0"
Test,"0.0","0.2","1.0"
"assetdb-lookupgen","0.0","2.0","2429.0"
"instrumentation.usage.admissionRules.report","0.0","0.4","1.0"
"instrumentation.usage.authMethod.config","0.0","0.2","1.0"
"instrumentation.usage.healthMonitor.report","0.0","0.3","1.0"
"instrumentation.usage.passwordPolicy.config","0.0","0.1","1.0"
"instrumentation.usage.smartStore.config","0.0","908.5","1.0"
"instrumentation.usage.workloadManagement.report","0.0","0.4","2.0"
